{
  "interview_id": "4327cb4e-cc3d-49d7-a118-882502f2946c",
  "timestamp": "2025-09-27T08:45:36.594500",
  "interview_type": "topics",
  "conversation": [
    {
      "candidate": "I'm in Vaisha, nice to meet you.",
      "evaluation": "Introduction is pleasant, but let's dive into technical topics.",
      "next_question": "Can you explain the difference between a DBMS and a file system, and how they interact?"
    },
    {
      "candidate": "Thank you.",
      "evaluation": "It seems like you're acknowledging the question, but let's get started with the technical discussion.",
      "next_question": "To clarify, can you describe how a DBMS manages data differently than a traditional file system, and what benefits this provides?"
    }
  ],
  "resume_id": null,
  "topics": [
    "DBMS"
  ],
  "total_interactions": 2
}