{
  "interview_id": "6c826cfd-09a6-4f8d-bbb7-10ef061b0f1b",
  "timestamp": "2025-09-27T08:06:29.180758",
  "interview_type": "resume",
  "conversation": [
    {
      "candidate": "I'm Alvesha, nice to meet you.",
      "evaluation": "Introduction seems confident, but the name 'Alvesha' does not match the resume, which mentions 'Anwesa Mondal'.",
      "next_question": "Let's start with your education background. You're currently pursuing a B.Tech in Computer Science Engineering with a specialization in Artificial Intelligence at Indira Gandhi Delhi Technological University for Women. Can you tell me about your favorite subjects or courses you've taken so far?",
      "hint": null,
      "final_feedback": null
    }
  ],
  "resume_id": "4eb1d677-44e0-408a-aa73-b3baeaacc276",
  "topics": [],
  "total_interactions": 1
}