{
  "interview_id": "ae0f8399-4b98-4cd9-a2ae-670d72a05452",
  "timestamp": "2025-09-27T08:47:12.951602",
  "interview_type": "resume",
  "conversation": [
    {
      "candidate": "Hi, I'm Anwesha, nice to meet you.",
      "evaluation": "Introduction is clear and confident.",
      "next_question": "Anwesha, I see you're pursuing a B.Tech in Computer Science Engineering with a specialization in Artificial Intelligence from Indira Gandhi Delhi Technological University for Women. Can you tell me about your experience with the subjects you've studied so far, such as Programming With Python and Introduction to Data Science?",
      "hint": null,
      "final_feedback": null
    },
    {
      "candidate": "Yeah, I have interacted with data structures and algorithms. I have also studied machine learning and deep learning.",
      "evaluation": "Anwesha's response is somewhat relevant but lacks specific examples and details about her experience with Programming With Python and Introduction to Data Science.",
      "next_question": "That's a good start, Anwesha. Can you elaborate on how you applied the concepts learned in Programming With Python and Introduction to Data Science to any projects or assignments, perhaps something that showcases your understanding of data science principles?",
      "hint": null,
      "final_feedback": null
    }
  ],
  "resume_id": "b846a7c4-d44d-490b-a145-a4795247c9d3",
  "topics": [],
  "total_interactions": 2
}