{
  "interview_id": "672d6d87-15f1-4432-9314-6e4456c1a6d9",
  "timestamp": "2025-09-27T08:40:40.446735",
  "interview_type": "resume",
  "conversation": [
    {
      "candidate": "Hi, I'm Manusha. Nice to meet you.",
      "evaluation": "Introduction is clear, but the candidate's name does not match the one on the resume. However, we will proceed with the interview using the name on the resume, Anwesa Mondal.",
      "next_question": "Anwesa, let's start with your education. You're currently pursuing a B.Tech in Computer Science Engineering with a specialization in Artificial Intelligence at Indira Gandhi Delhi Technological University for Women. Can you tell me about your favorite subjects or courses you've taken so far?",
      "hint": null,
      "final_feedback": null
    }
  ],
  "resume_id": "224a6f52-bad5-43fd-8914-ee627c0d4c69",
  "topics": [],
  "total_interactions": 1
}