{
  "interview_id": "60eb0df6-25d6-48fa-b0b7-fcbb0a9d8339",
  "timestamp": "2025-09-27T11:03:56.697981",
  "interview_type": "resume",
  "conversation": [
    {
      "candidate": "Nice to meet you.",
      "evaluation": "Introduction acknowledged, waiting for further conversation.",
      "next_question": "Anwesa, let's dive into your background. Can you tell me about your current studies at Indira Gandhi Delhi Technological University for Women, specifically your specialization in Artificial Intelligence?"
    },
    {
      "candidate": "completed my courses like DSA and machine learning and deep learning",
      "evaluation": "Anwesa has mentioned completing courses in DSA, machine learning, and deep learning, which aligns with her AI specialization, but could provide more details about specific projects or applications.",
      "next_question": "That's great, Anwesa! You've also worked on several projects, including SafeDrive, an AI-powered road safety and insurance system. Can you walk me through how you engineered GenAI-driven analytics using the Gemini API in SafeDrive and what kind of optimization it achieved?"
    }
  ],
  "resume_id": "5b8f1427-7064-4d6c-9d51-372cd279cf55",
  "topics": [],
  "total_interactions": 2
}