{
  "interview_id": "fbe09732-3c9d-4fcb-a7bc-9b45245b5c23",
  "timestamp": "2025-09-27T08:13:53.673900",
  "interview_type": "resume",
  "conversation": [
    {
      "candidate": "Thank you.",
      "evaluation": "The candidate's response is not informative, as they only expressed gratitude without providing any relevant information.",
      "next_question": "Let's start with your education background. You're currently pursuing a B.Tech in Computer Science Engineering with a specialization in Artificial Intelligence at Indira Gandhi Delhi Technological University for Women. Can you tell me about your favorite subjects or topics you've studied so far?",
      "hint": null,
      "final_feedback": null
    }
  ],
  "resume_id": "560b09d8-8649-4c1b-8428-033c22817ed8",
  "topics": [],
  "total_interactions": 1
}