{
  "interview_id": "5485d5a7-9425-460e-8aa5-80e7ddddf411",
  "timestamp": "2025-09-27T11:00:26.916797",
  "interview_type": "resume",
  "conversation": [
    {
      "candidate": "Nice to meet you.",
      "evaluation": "Introduction acknowledged, waiting for further conversation.",
      "next_question": "Anwesa, let's dive into your background. Can you tell me about your current studies at Indira Gandhi Delhi Technological University for Women, specifically your specialization in Artificial Intelligence?"
    }
  ],
  "resume_id": "3d5c455e-0f29-490a-a911-5b1efacb572e",
  "topics": [],
  "total_interactions": 1
}