{
  "interview_id": "f44d4e63-a13a-4fa2-8c47-4794c585a301",
  "timestamp": "2025-09-27T08:02:57.713574",
  "interview_type": "resume",
  "conversation": [
    {
      "candidate": "I'm Anvisha.",
      "evaluation": "The candidate's name does not match the one on the resume, which is Anwesa Mondal. Clarification is needed.",
      "next_question": "Just to confirm, the name on your resume is Anwesa Mondal. Could you please clarify the discrepancy?",
      "hint": null,
      "final_feedback": null
    },
    {
      "candidate": "and Risha Mondal.",
      "evaluation": "The candidate has provided additional names, but it's still unclear how they relate to the name on the resume, Anwesa Mondal. Further clarification is needed.",
      "next_question": "To ensure we have the correct information, can you please confirm which name you prefer to go by in a professional setting, and how it relates to the name 'Anwesa Mondal' listed on your resume?",
      "hint": null,
      "final_feedback": null
    },
    {
      "candidate": "My name is Anvesha Mondal.",
      "evaluation": "The candidate has provided another name, 'Anvesha Mondal', which is closer to the name on the resume but still not an exact match. It seems there might be a slight variation in spelling or pronunciation. Clarification is still needed to ensure accuracy.",
      "next_question": "Just to confirm, is 'Anvesha Mondal' the full name you prefer to go by, and if so, how does it relate to 'Anwesa Mondal' as listed on your resume? Is it possible there was a minor spelling error or variation in the resume's preparation?",
      "hint": null,
      "final_feedback": null
    },
    {
      "candidate": "Thank you.",
      "evaluation": "The candidate has not provided a direct answer to the question and instead responded with 'Thank you', which does not clarify the discrepancy in their name.",
      "next_question": "Let's move forward with the interview, but for the record, I will refer to you as Anwesa Mondal, as per your resume. Can you tell me about your current education and what drew you to pursue a B.Tech in Computer Science Engineering with a specialization in Artificial Intelligence at Indira Gandhi Delhi Technological University for Women?",
      "hint": null,
      "final_feedback": null
    }
  ],
  "resume_id": "613e4fd3-3ddc-4f7d-8ec2-3afb3276d7f7",
  "topics": [],
  "total_interactions": 4
}