{
  "interview_id": "0df22001-82db-4c99-b762-a12a7a780583",
  "timestamp": "2025-09-27T07:59:10.164981",
  "interview_type": "resume",
  "conversation": [
    {
      "candidate": "I am Anvisha and nice to meet you. I am a second year student.",
      "evaluation": "The candidate introduced herself as Anvisha, but her resume states her name as Anwesa Mondal. The candidate also mentioned being a second-year student, which aligns with the education details on her resume.",
      "next_question": "Anwesa, could you please confirm if you are indeed Anwesa Mondal, as stated on your resume? Also, can you tell me a little about your current studies at Indira Gandhi Delhi Technological University for Women, specifically your experience with the Computer Science curriculum?",
      "hint": null,
      "final_feedback": null
    }
  ],
  "resume_id": "eedda95a-f8c1-43c6-ac9c-70c57f36f2f5",
  "topics": [],
  "total_interactions": 1
}