{
  "interview_id": "30dc3efa-79dc-470f-831f-63163e9d0456",
  "timestamp": "2025-09-27T08:16:14.553658",
  "interview_type": "resume",
  "conversation": [
    {
      "candidate": "Hi, I'm Anusha and I am a second year student.",
      "evaluation": "The candidate introduced herself, but the name does not match the one on the resume. Let's proceed with the interview.",
      "next_question": "Anwesa, I see you're currently pursuing a B.Tech in Computer Science Engineering with a specialization in Artificial Intelligence at Indira Gandhi Delhi Technological University for Women. Can you tell me about your experience with the subjects you've studied so far, such as Programming With Python and Introduction to Data Science?"
    },
    {
      "candidate": "so I have a",
      "evaluation": "The candidate started to respond, but the answer seems incomplete. Let's nudge for more detail.",
      "next_question": "That's a good start, Anwesa. Can you please elaborate on your experience with Programming With Python and Introduction to Data Science? For example, what specific projects or assignments did you work on, and what did you learn from them?"
    },
    {
      "candidate": "Yeah, so basically I have worked on projects regarding machine learning and deep learning and data as well.",
      "evaluation": "The candidate mentions working on projects related to machine learning, deep learning, and data, which aligns with their specialization in Artificial Intelligence. However, the answer is still somewhat vague and lacks specific details.",
      "next_question": "That's great to hear, Anwesa. Can you walk me through one of the projects you've worked on, such as the Movie Recommender System or the SafeDrive project, and explain how you applied machine learning and deep learning concepts to it?"
    }
  ],
  "resume_id": "58963113-a89d-40a5-bb5e-6be3413dd80c",
  "topics": [],
  "total_interactions": 3
}